{"cameraMode":{"drawMode":0,"name":"Shaded","section":"Shading Mode"},"sceneLighting":false,"audioPlay":false,"sceneViewState":{"m_AlwaysRefresh":false,"showFog":true,"showSkybox":false,"showFlares":true,"showImageEffects":true,"showParticleSystems":true,"showVisualEffectGraphs":true,"m_FxEnabled":false},"in2DMode":false,"pivot":{"x":8.214323997497559,"y":27.221294403076173,"z":-34.427406311035159},"rotation":{"x":0.047899454832077029,"y":-0.05839933827519417,"z":0.0028053284622728826,"w":0.9971392154693604},"size":2.8196446895599367,"orthographic":false}