{"cameraMode":{"drawMode":0,"name":"Shaded","section":"Shading Mode"},"sceneLighting":true,"audioPlay":false,"sceneViewState":{"m_AlwaysRefresh":false,"showFog":true,"showSkybox":true,"showFlares":true,"showImageEffects":true,"showParticleSystems":true,"showVisualEffectGraphs":true,"m_FxEnabled":false},"in2DMode":false,"pivot":{"x":102.40055084228516,"y":-379.98114013671877,"z":136.98802185058595},"rotation":{"x":0.5577185153961182,"y":-0.29012149572372439,"z":0.21663935482501985,"w":0.7468916177749634},"size":310.8177185058594,"orthographic":false}