{"cameraMode":{"drawMode":0,"name":"Shaded","section":"Shading Mode"},"sceneLighting":true,"audioPlay":false,"sceneViewState":{"m_AlwaysRefresh":false,"showFog":true,"showSkybox":true,"showFlares":true,"showImageEffects":true,"showParticleSystems":true,"showVisualEffectGraphs":true,"m_FxEnabled":false},"in2DMode":false,"pivot":{"x":8.468406677246094,"y":39.11342239379883,"z":7.107353210449219},"rotation":{"x":0.0024628618266433479,"y":-0.9526113271713257,"z":0.007714486215263605,"w":0.30409371852874758},"size":147.9744415283203,"orthographic":false}