{"cameraMode":{"drawMode":0,"name":"Shaded","section":"Shading Mode"},"sceneLighting":true,"audioPlay":false,"sceneViewState":{"m_AlwaysRefresh":false,"showFog":true,"showSkybox":true,"showFlares":true,"showImageEffects":true,"showParticleSystems":true,"showVisualEffectGraphs":true,"m_FxEnabled":false},"in2DMode":false,"pivot":{"x":156.56842041015626,"y":6.3600006103515629,"z":306.9225769042969},"rotation":{"x":0.04454096406698227,"y":-0.9528054594993591,"z":0.17278990149497987,"w":0.24562369287014008},"size":2.283820867538452,"orthographic":false}