{"cameraMode":{"drawMode":0,"name":"Shaded","section":"Shading Mode"},"sceneLighting":true,"audioPlay":false,"sceneViewState":{"m_AlwaysRefresh":false,"showFog":true,"showSkybox":true,"showFlares":true,"showImageEffects":true,"showParticleSystems":true,"showVisualEffectGraphs":true,"m_FxEnabled":false},"in2DMode":false,"pivot":{"x":115.97280883789063,"y":-85.12803649902344,"z":195.83914184570313},"rotation":{"x":0.004031751770526171,"y":-0.9706301093101502,"z":0.23999810218811036,"w":0.016304081305861474},"size":104.06549835205078,"orthographic":false}