{"cameraMode":{"drawMode":0,"name":"Shaded","section":"Shading Mode"},"sceneLighting":true,"audioPlay":false,"sceneViewState":{"m_AlwaysRefresh":false,"showFog":true,"showSkybox":true,"showFlares":true,"showImageEffects":true,"showParticleSystems":true,"showVisualEffectGraphs":true,"m_FxEnabled":false},"in2DMode":false,"pivot":{"x":124.76759338378906,"y":10.247589111328125,"z":323.3656921386719},"rotation":{"x":0.030205542221665384,"y":0.9310415983200073,"z":-0.07923419773578644,"w":0.3549303412437439},"size":5.129545211791992,"orthographic":false}