{"cameraMode":{"drawMode":0,"name":"Shaded","section":"Shading Mode"},"sceneLighting":true,"audioPlay":false,"sceneViewState":{"m_AlwaysRefresh":false,"showFog":true,"showSkybox":true,"showFlares":true,"showImageEffects":true,"showParticleSystems":true,"showVisualEffectGraphs":true,"m_FxEnabled":false},"in2DMode":false,"pivot":{"x":134.10595703125,"y":88.16475677490235,"z":32.643829345703128},"rotation":{"x":-0.012463008053600788,"y":-0.15206962823867799,"z":0.0019173574401065708,"w":-0.9882959127426148},"size":86.98930358886719,"orthographic":false}