{"cameraMode":{"drawMode":0,"name":"Shaded","section":"Shading Mode"},"sceneLighting":true,"audioPlay":false,"sceneViewState":{"m_AlwaysRefresh":false,"showFog":true,"showSkybox":true,"showFlares":true,"showImageEffects":true,"showParticleSystems":true,"showVisualEffectGraphs":true,"m_FxEnabled":true},"in2DMode":false,"pivot":{"x":133.21266174316407,"y":29.11322021484375,"z":108.04617309570313},"rotation":{"x":0.12246927618980408,"y":-0.0595109760761261,"z":0.007356978952884674,"w":0.9906588196754456},"size":6.232829570770264,"orthographic":false}