{"cameraMode":{"drawMode":0,"name":"Shaded","section":"Shading Mode"},"sceneLighting":false,"audioPlay":false,"sceneViewState":{"m_AlwaysRefresh":false,"showFog":true,"showSkybox":false,"showFlares":true,"showImageEffects":true,"showParticleSystems":true,"showVisualEffectGraphs":true,"m_FxEnabled":true},"in2DMode":false,"pivot":{"x":122.30604553222656,"y":-0.0010269880294799805,"z":101.62088012695313},"rotation":{"x":0.16781967878341676,"y":0.14142489433288575,"z":-0.02433365397155285,"w":0.9753167629241943},"size":0.8191808462142944,"orthographic":false}